id,kode_provinsi,nama_provinsi,kode_kabupaten_kota,nama_kabupaten_kota,jenis_kelamin,jumlah_kasus_meninggal,satuan,tahun
1,32,JAWA BARAT,3201,KABUPATEN BOGOR,LAKI-LAKI,9,ORANG,2014
2,32,JAWA BARAT,3201,KABUPATEN BOGOR,PEREMPUAN,20,ORANG,2014
3,32,JAWA BARAT,3202,KABUPATEN SUKABUMI,LAKI-LAKI,6,ORANG,2014
4,32,JAWA BARAT,3202,KABUPATEN SUKABUMI,PEREMPUAN,2,ORANG,2014
5,32,JAWA BARAT,3203,KABUPATEN CIANJUR,LAKI-LAKI,2,ORANG,2014
6,32,JAWA BARAT,3203,KABUPATEN CIANJUR,PEREMPUAN,1,ORANG,2014
7,32,JAWA BARAT,3204,KABUPATEN BANDUNG,LAKI-LAKI,2,ORANG,2014
8,32,JAWA BARAT,3204,KABUPATEN BANDUNG,PEREMPUAN,2,ORANG,2014
9,32,JAWA BARAT,3205,KABUPATEN GARUT,LAKI-LAKI,0,ORANG,2014
10,32,JAWA BARAT,3205,KABUPATEN GARUT,PEREMPUAN,0,ORANG,2014
11,32,JAWA BARAT,3206,KABUPATEN TASIKMALAYA,LAKI-LAKI,1,ORANG,2014
12,32,JAWA BARAT,3206,KABUPATEN TASIKMALAYA,PEREMPUAN,2,ORANG,2014
13,32,JAWA BARAT,3207,KABUPATEN CIAMIS,LAKI-LAKI,4,ORANG,2014
14,32,JAWA BARAT,3207,KABUPATEN CIAMIS,PEREMPUAN,0,ORANG,2014
15,32,JAWA BARAT,3208,KABUPATEN KUNINGAN,LAKI-LAKI,1,ORANG,2014
16,32,JAWA BARAT,3208,KABUPATEN KUNINGAN,PEREMPUAN,2,ORANG,2014
17,32,JAWA BARAT,3209,KABUPATEN CIREBON,LAKI-LAKI,15,ORANG,2014
18,32,JAWA BARAT,3209,KABUPATEN CIREBON,PEREMPUAN,11,ORANG,2014
19,32,JAWA BARAT,3210,KABUPATEN MAJALENGKA,LAKI-LAKI,1,ORANG,2014
20,32,JAWA BARAT,3210,KABUPATEN MAJALENGKA,PEREMPUAN,1,ORANG,2014
21,32,JAWA BARAT,3211,KABUPATEN SUMEDANG,LAKI-LAKI,3,ORANG,2014
22,32,JAWA BARAT,3211,KABUPATEN SUMEDANG,PEREMPUAN,4,ORANG,2014
23,32,JAWA BARAT,3212,KABUPATEN INDRAMAYU,LAKI-LAKI,6,ORANG,2014
24,32,JAWA BARAT,3212,KABUPATEN INDRAMAYU,PEREMPUAN,11,ORANG,2014
25,32,JAWA BARAT,3213,KABUPATEN SUBANG,LAKI-LAKI,1,ORANG,2014
26,32,JAWA BARAT,3213,KABUPATEN SUBANG,PEREMPUAN,7,ORANG,2014
27,32,JAWA BARAT,3214,KABUPATEN PURWAKARTA,LAKI-LAKI,0,ORANG,2014
28,32,JAWA BARAT,3214,KABUPATEN PURWAKARTA,PEREMPUAN,0,ORANG,2014
29,32,JAWA BARAT,3215,KABUPATEN KARAWANG,LAKI-LAKI,0,ORANG,2014
30,32,JAWA BARAT,3215,KABUPATEN KARAWANG,PEREMPUAN,7,ORANG,2014
31,32,JAWA BARAT,3216,KABUPATEN BEKASI,LAKI-LAKI,3,ORANG,2014
32,32,JAWA BARAT,3216,KABUPATEN BEKASI,PEREMPUAN,1,ORANG,2014
33,32,JAWA BARAT,3217,KABUPATEN BANDUNG BARAT,LAKI-LAKI,3,ORANG,2014
34,32,JAWA BARAT,3217,KABUPATEN BANDUNG BARAT,PEREMPUAN,2,ORANG,2014
35,32,JAWA BARAT,3218,KABUPATEN PANGANDARAN,LAKI-LAKI,0,ORANG,2014
36,32,JAWA BARAT,3218,KABUPATEN PANGANDARAN,PEREMPUAN,1,ORANG,2014
37,32,JAWA BARAT,3271,KOTA BOGOR,LAKI-LAKI,4,ORANG,2014
38,32,JAWA BARAT,3271,KOTA BOGOR,PEREMPUAN,3,ORANG,2014
39,32,JAWA BARAT,3272,KOTA SUKABUMI,LAKI-LAKI,2,ORANG,2014
40,32,JAWA BARAT,3272,KOTA SUKABUMI,PEREMPUAN,4,ORANG,2014
41,32,JAWA BARAT,3273,KOTA BANDUNG,LAKI-LAKI,2,ORANG,2014
42,32,JAWA BARAT,3273,KOTA BANDUNG,PEREMPUAN,7,ORANG,2014
43,32,JAWA BARAT,3274,KOTA CIREBON,LAKI-LAKI,5,ORANG,2014
44,32,JAWA BARAT,3274,KOTA CIREBON,PEREMPUAN,2,ORANG,2014
45,32,JAWA BARAT,3275,KOTA BEKASI,LAKI-LAKI,8,ORANG,2014
46,32,JAWA BARAT,3275,KOTA BEKASI,PEREMPUAN,8,ORANG,2014
47,32,JAWA BARAT,3276,KOTA DEPOK,LAKI-LAKI,2,ORANG,2014
48,32,JAWA BARAT,3276,KOTA DEPOK,PEREMPUAN,2,ORANG,2014
49,32,JAWA BARAT,3277,KOTA CIMAHI,LAKI-LAKI,0,ORANG,2014
50,32,JAWA BARAT,3277,KOTA CIMAHI,PEREMPUAN,0,ORANG,2014
51,32,JAWA BARAT,3278,KOTA TASIKMALAYA,LAKI-LAKI,6,ORANG,2014
52,32,JAWA BARAT,3278,KOTA TASIKMALAYA,PEREMPUAN,0,ORANG,2014
53,32,JAWA BARAT,3279,KOTA BANJAR,LAKI-LAKI,1,ORANG,2014
54,32,JAWA BARAT,3279,KOTA BANJAR,PEREMPUAN,1,ORANG,2014
55,32,JAWA BARAT,3201,KABUPATEN BOGOR,LAKI-LAKI,0,ORANG,2015
56,32,JAWA BARAT,3201,KABUPATEN BOGOR,PEREMPUAN,0,ORANG,2015
57,32,JAWA BARAT,3202,KABUPATEN SUKABUMI,LAKI-LAKI,1,ORANG,2015
58,32,JAWA BARAT,3202,KABUPATEN SUKABUMI,PEREMPUAN,1,ORANG,2015
59,32,JAWA BARAT,3203,KABUPATEN CIANJUR,LAKI-LAKI,1,ORANG,2015
60,32,JAWA BARAT,3203,KABUPATEN CIANJUR,PEREMPUAN,1,ORANG,2015
61,32,JAWA BARAT,3204,KABUPATEN BANDUNG,LAKI-LAKI,0,ORANG,2015
62,32,JAWA BARAT,3204,KABUPATEN BANDUNG,PEREMPUAN,0,ORANG,2015
63,32,JAWA BARAT,3205,KABUPATEN GARUT,LAKI-LAKI,0,ORANG,2015
64,32,JAWA BARAT,3205,KABUPATEN GARUT,PEREMPUAN,0,ORANG,2015
65,32,JAWA BARAT,3206,KABUPATEN TASIKMALAYA,LAKI-LAKI,0,ORANG,2015
66,32,JAWA BARAT,3206,KABUPATEN TASIKMALAYA,PEREMPUAN,0,ORANG,2015
67,32,JAWA BARAT,3207,KABUPATEN CIAMIS,LAKI-LAKI,0,ORANG,2015
68,32,JAWA BARAT,3207,KABUPATEN CIAMIS,PEREMPUAN,0,ORANG,2015
69,32,JAWA BARAT,3208,KABUPATEN KUNINGAN,LAKI-LAKI,3,ORANG,2015
70,32,JAWA BARAT,3208,KABUPATEN KUNINGAN,PEREMPUAN,0,ORANG,2015
71,32,JAWA BARAT,3209,KABUPATEN CIREBON,LAKI-LAKI,19,ORANG,2015
72,32,JAWA BARAT,3209,KABUPATEN CIREBON,PEREMPUAN,23,ORANG,2015
73,32,JAWA BARAT,3210,KABUPATEN MAJALENGKA,LAKI-LAKI,1,ORANG,2015
74,32,JAWA BARAT,3210,KABUPATEN MAJALENGKA,PEREMPUAN,1,ORANG,2015
75,32,JAWA BARAT,3211,KABUPATEN SUMEDANG,LAKI-LAKI,3,ORANG,2015
76,32,JAWA BARAT,3211,KABUPATEN SUMEDANG,PEREMPUAN,0,ORANG,2015
77,32,JAWA BARAT,3212,KABUPATEN INDRAMAYU,LAKI-LAKI,13,ORANG,2015
78,32,JAWA BARAT,3212,KABUPATEN INDRAMAYU,PEREMPUAN,20,ORANG,2015
79,32,JAWA BARAT,3213,KABUPATEN SUBANG,LAKI-LAKI,3,ORANG,2015
80,32,JAWA BARAT,3213,KABUPATEN SUBANG,PEREMPUAN,6,ORANG,2015
81,32,JAWA BARAT,3214,KABUPATEN PURWAKARTA,LAKI-LAKI,0,ORANG,2015
82,32,JAWA BARAT,3214,KABUPATEN PURWAKARTA,PEREMPUAN,0,ORANG,2015
83,32,JAWA BARAT,3215,KABUPATEN KARAWANG,LAKI-LAKI,2,ORANG,2015
84,32,JAWA BARAT,3215,KABUPATEN KARAWANG,PEREMPUAN,2,ORANG,2015
85,32,JAWA BARAT,3216,KABUPATEN BEKASI,LAKI-LAKI,3,ORANG,2015
86,32,JAWA BARAT,3216,KABUPATEN BEKASI,PEREMPUAN,3,ORANG,2015
87,32,JAWA BARAT,3217,KABUPATEN BANDUNG BARAT,LAKI-LAKI,1,ORANG,2015
88,32,JAWA BARAT,3217,KABUPATEN BANDUNG BARAT,PEREMPUAN,0,ORANG,2015
89,32,JAWA BARAT,3218,KABUPATEN PANGANDARAN,LAKI-LAKI,0,ORANG,2015
90,32,JAWA BARAT,3218,KABUPATEN PANGANDARAN,PEREMPUAN,0,ORANG,2015
91,32,JAWA BARAT,3271,KOTA BOGOR,LAKI-LAKI,5,ORANG,2015
92,32,JAWA BARAT,3271,KOTA BOGOR,PEREMPUAN,3,ORANG,2015
93,32,JAWA BARAT,3272,KOTA SUKABUMI,LAKI-LAKI,3,ORANG,2015
94,32,JAWA BARAT,3272,KOTA SUKABUMI,PEREMPUAN,3,ORANG,2015
95,32,JAWA BARAT,3273,KOTA BANDUNG,LAKI-LAKI,4,ORANG,2015
96,32,JAWA BARAT,3273,KOTA BANDUNG,PEREMPUAN,3,ORANG,2015
97,32,JAWA BARAT,3274,KOTA CIREBON,LAKI-LAKI,4,ORANG,2015
98,32,JAWA BARAT,3274,KOTA CIREBON,PEREMPUAN,1,ORANG,2015
99,32,JAWA BARAT,3275,KOTA BEKASI,LAKI-LAKI,3,ORANG,2015
100,32,JAWA BARAT,3275,KOTA BEKASI,PEREMPUAN,8,ORANG,2015
101,32,JAWA BARAT,3276,KOTA DEPOK,LAKI-LAKI,2,ORANG,2015
102,32,JAWA BARAT,3276,KOTA DEPOK,PEREMPUAN,1,ORANG,2015
103,32,JAWA BARAT,3277,KOTA CIMAHI,LAKI-LAKI,2,ORANG,2015
104,32,JAWA BARAT,3277,KOTA CIMAHI,PEREMPUAN,3,ORANG,2015
105,32,JAWA BARAT,3278,KOTA TASIKMALAYA,LAKI-LAKI,2,ORANG,2015
106,32,JAWA BARAT,3278,KOTA TASIKMALAYA,PEREMPUAN,3,ORANG,2015
107,32,JAWA BARAT,3279,KOTA BANJAR,LAKI-LAKI,1,ORANG,2015
108,32,JAWA BARAT,3279,KOTA BANJAR,PEREMPUAN,0,ORANG,2015
109,32,JAWA BARAT,3201,KABUPATEN BOGOR,LAKI-LAKI,23,ORANG,2016
110,32,JAWA BARAT,3201,KABUPATEN BOGOR,PEREMPUAN,22,ORANG,2016
111,32,JAWA BARAT,3202,KABUPATEN SUKABUMI,LAKI-LAKI,5,ORANG,2016
112,32,JAWA BARAT,3202,KABUPATEN SUKABUMI,PEREMPUAN,2,ORANG,2016
113,32,JAWA BARAT,3203,KABUPATEN CIANJUR,LAKI-LAKI,4,ORANG,2016
114,32,JAWA BARAT,3203,KABUPATEN CIANJUR,PEREMPUAN,3,ORANG,2016
115,32,JAWA BARAT,3204,KABUPATEN BANDUNG,LAKI-LAKI,1,ORANG,2016
116,32,JAWA BARAT,3204,KABUPATEN BANDUNG,PEREMPUAN,7,ORANG,2016
117,32,JAWA BARAT,3205,KABUPATEN GARUT,LAKI-LAKI,1,ORANG,2016
118,32,JAWA BARAT,3205,KABUPATEN GARUT,PEREMPUAN,1,ORANG,2016
119,32,JAWA BARAT,3206,KABUPATEN TASIKMALAYA,LAKI-LAKI,2,ORANG,2016
120,32,JAWA BARAT,3206,KABUPATEN TASIKMALAYA,PEREMPUAN,1,ORANG,2016
121,32,JAWA BARAT,3207,KABUPATEN CIAMIS,LAKI-LAKI,0,ORANG,2016
122,32,JAWA BARAT,3207,KABUPATEN CIAMIS,PEREMPUAN,0,ORANG,2016
123,32,JAWA BARAT,3208,KABUPATEN KUNINGAN,LAKI-LAKI,6,ORANG,2016
124,32,JAWA BARAT,3208,KABUPATEN KUNINGAN,PEREMPUAN,7,ORANG,2016
125,32,JAWA BARAT,3209,KABUPATEN CIREBON,LAKI-LAKI,11,ORANG,2016
126,32,JAWA BARAT,3209,KABUPATEN CIREBON,PEREMPUAN,8,ORANG,2016
127,32,JAWA BARAT,3210,KABUPATEN MAJALENGKA,LAKI-LAKI,2,ORANG,2016
128,32,JAWA BARAT,3210,KABUPATEN MAJALENGKA,PEREMPUAN,2,ORANG,2016
129,32,JAWA BARAT,3211,KABUPATEN SUMEDANG,LAKI-LAKI,1,ORANG,2016
130,32,JAWA BARAT,3211,KABUPATEN SUMEDANG,PEREMPUAN,3,ORANG,2016
131,32,JAWA BARAT,3212,KABUPATEN INDRAMAYU,LAKI-LAKI,15,ORANG,2016
132,32,JAWA BARAT,3212,KABUPATEN INDRAMAYU,PEREMPUAN,20,ORANG,2016
133,32,JAWA BARAT,3213,KABUPATEN SUBANG,LAKI-LAKI,4,ORANG,2016
134,32,JAWA BARAT,3213,KABUPATEN SUBANG,PEREMPUAN,3,ORANG,2016
135,32,JAWA BARAT,3214,KABUPATEN PURWAKARTA,LAKI-LAKI,1,ORANG,2016
136,32,JAWA BARAT,3214,KABUPATEN PURWAKARTA,PEREMPUAN,0,ORANG,2016
137,32,JAWA BARAT,3215,KABUPATEN KARAWANG,LAKI-LAKI,2,ORANG,2016
138,32,JAWA BARAT,3215,KABUPATEN KARAWANG,PEREMPUAN,6,ORANG,2016
139,32,JAWA BARAT,3216,KABUPATEN BEKASI,LAKI-LAKI,6,ORANG,2016
140,32,JAWA BARAT,3216,KABUPATEN BEKASI,PEREMPUAN,12,ORANG,2016
141,32,JAWA BARAT,3217,KABUPATEN BANDUNG BARAT,LAKI-LAKI,1,ORANG,2016
142,32,JAWA BARAT,3217,KABUPATEN BANDUNG BARAT,PEREMPUAN,2,ORANG,2016
143,32,JAWA BARAT,3218,KABUPATEN PANGANDARAN,LAKI-LAKI,0,ORANG,2016
144,32,JAWA BARAT,3218,KABUPATEN PANGANDARAN,PEREMPUAN,1,ORANG,2016
145,32,JAWA BARAT,3271,KOTA BOGOR,LAKI-LAKI,5,ORANG,2016
146,32,JAWA BARAT,3271,KOTA BOGOR,PEREMPUAN,6,ORANG,2016
147,32,JAWA BARAT,3272,KOTA SUKABUMI,LAKI-LAKI,2,ORANG,2016
148,32,JAWA BARAT,3272,KOTA SUKABUMI,PEREMPUAN,3,ORANG,2016
149,32,JAWA BARAT,3273,KOTA BANDUNG,LAKI-LAKI,1,ORANG,2016
150,32,JAWA BARAT,3273,KOTA BANDUNG,PEREMPUAN,6,ORANG,2016
151,32,JAWA BARAT,3274,KOTA CIREBON,LAKI-LAKI,2,ORANG,2016
152,32,JAWA BARAT,3274,KOTA CIREBON,PEREMPUAN,0,ORANG,2016
153,32,JAWA BARAT,3275,KOTA BEKASI,LAKI-LAKI,22,ORANG,2016
154,32,JAWA BARAT,3275,KOTA BEKASI,PEREMPUAN,28,ORANG,2016
155,32,JAWA BARAT,3276,KOTA DEPOK,LAKI-LAKI,3,ORANG,2016
156,32,JAWA BARAT,3276,KOTA DEPOK,PEREMPUAN,4,ORANG,2016
157,32,JAWA BARAT,3277,KOTA CIMAHI,LAKI-LAKI,1,ORANG,2016
158,32,JAWA BARAT,3277,KOTA CIMAHI,PEREMPUAN,2,ORANG,2016
159,32,JAWA BARAT,3278,KOTA TASIKMALAYA,LAKI-LAKI,0,ORANG,2016
160,32,JAWA BARAT,3278,KOTA TASIKMALAYA,PEREMPUAN,5,ORANG,2016
161,32,JAWA BARAT,3279,KOTA BANJAR,LAKI-LAKI,0,ORANG,2016
162,32,JAWA BARAT,3279,KOTA BANJAR,PEREMPUAN,2,ORANG,2016
163,32,JAWA BARAT,3201,KABUPATEN BOGOR,LAKI-LAKI,0,ORANG,2017
164,32,JAWA BARAT,3201,KABUPATEN BOGOR,PEREMPUAN,1,ORANG,2017
165,32,JAWA BARAT,3202,KABUPATEN SUKABUMI,LAKI-LAKI,0,ORANG,2017
166,32,JAWA BARAT,3202,KABUPATEN SUKABUMI,PEREMPUAN,0,ORANG,2017
167,32,JAWA BARAT,3203,KABUPATEN CIANJUR,LAKI-LAKI,0,ORANG,2017
168,32,JAWA BARAT,3203,KABUPATEN CIANJUR,PEREMPUAN,0,ORANG,2017
169,32,JAWA BARAT,3204,KABUPATEN BANDUNG,LAKI-LAKI,0,ORANG,2017
170,32,JAWA BARAT,3204,KABUPATEN BANDUNG,PEREMPUAN,0,ORANG,2017
171,32,JAWA BARAT,3205,KABUPATEN GARUT,LAKI-LAKI,0,ORANG,2017
172,32,JAWA BARAT,3205,KABUPATEN GARUT,PEREMPUAN,0,ORANG,2017
173,32,JAWA BARAT,3206,KABUPATEN TASIKMALAYA,LAKI-LAKI,0,ORANG,2017
174,32,JAWA BARAT,3206,KABUPATEN TASIKMALAYA,PEREMPUAN,1,ORANG,2017
175,32,JAWA BARAT,3207,KABUPATEN CIAMIS,LAKI-LAKI,0,ORANG,2017
176,32,JAWA BARAT,3207,KABUPATEN CIAMIS,PEREMPUAN,0,ORANG,2017
177,32,JAWA BARAT,3208,KABUPATEN KUNINGAN,LAKI-LAKI,0,ORANG,2017
178,32,JAWA BARAT,3208,KABUPATEN KUNINGAN,PEREMPUAN,0,ORANG,2017
179,32,JAWA BARAT,3209,KABUPATEN CIREBON,LAKI-LAKI,3,ORANG,2017
180,32,JAWA BARAT,3209,KABUPATEN CIREBON,PEREMPUAN,4,ORANG,2017
181,32,JAWA BARAT,3210,KABUPATEN MAJALENGKA,LAKI-LAKI,1,ORANG,2017
182,32,JAWA BARAT,3210,KABUPATEN MAJALENGKA,PEREMPUAN,1,ORANG,2017
183,32,JAWA BARAT,3211,KABUPATEN SUMEDANG,LAKI-LAKI,0,ORANG,2017
184,32,JAWA BARAT,3211,KABUPATEN SUMEDANG,PEREMPUAN,1,ORANG,2017
185,32,JAWA BARAT,3212,KABUPATEN INDRAMAYU,LAKI-LAKI,0,ORANG,2017
186,32,JAWA BARAT,3212,KABUPATEN INDRAMAYU,PEREMPUAN,0,ORANG,2017
187,32,JAWA BARAT,3213,KABUPATEN SUBANG,LAKI-LAKI,0,ORANG,2017
188,32,JAWA BARAT,3213,KABUPATEN SUBANG,PEREMPUAN,0,ORANG,2017
189,32,JAWA BARAT,3214,KABUPATEN PURWAKARTA,LAKI-LAKI,0,ORANG,2017
190,32,JAWA BARAT,3214,KABUPATEN PURWAKARTA,PEREMPUAN,0,ORANG,2017
191,32,JAWA BARAT,3215,KABUPATEN KARAWANG,LAKI-LAKI,0,ORANG,2017
192,32,JAWA BARAT,3215,KABUPATEN KARAWANG,PEREMPUAN,0,ORANG,2017
193,32,JAWA BARAT,3216,KABUPATEN BEKASI,LAKI-LAKI,0,ORANG,2017
194,32,JAWA BARAT,3216,KABUPATEN BEKASI,PEREMPUAN,2,ORANG,2017
195,32,JAWA BARAT,3217,KABUPATEN BANDUNG BARAT,LAKI-LAKI,1,ORANG,2017
196,32,JAWA BARAT,3217,KABUPATEN BANDUNG BARAT,PEREMPUAN,2,ORANG,2017
197,32,JAWA BARAT,3218,KABUPATEN PANGANDARAN,LAKI-LAKI,1,ORANG,2017
198,32,JAWA BARAT,3218,KABUPATEN PANGANDARAN,PEREMPUAN,3,ORANG,2017
199,32,JAWA BARAT,3271,KOTA BOGOR,LAKI-LAKI,2,ORANG,2017
200,32,JAWA BARAT,3271,KOTA BOGOR,PEREMPUAN,4,ORANG,2017
201,32,JAWA BARAT,3272,KOTA SUKABUMI,LAKI-LAKI,0,ORANG,2017
202,32,JAWA BARAT,3272,KOTA SUKABUMI,PEREMPUAN,1,ORANG,2017
203,32,JAWA BARAT,3273,KOTA BANDUNG,LAKI-LAKI,3,ORANG,2017
204,32,JAWA BARAT,3273,KOTA BANDUNG,PEREMPUAN,3,ORANG,2017
205,32,JAWA BARAT,3274,KOTA CIREBON,LAKI-LAKI,0,ORANG,2017
206,32,JAWA BARAT,3274,KOTA CIREBON,PEREMPUAN,1,ORANG,2017
207,32,JAWA BARAT,3275,KOTA BEKASI,LAKI-LAKI,2,ORANG,2017
208,32,JAWA BARAT,3275,KOTA BEKASI,PEREMPUAN,0,ORANG,2017
209,32,JAWA BARAT,3276,KOTA DEPOK,LAKI-LAKI,0,ORANG,2017
210,32,JAWA BARAT,3276,KOTA DEPOK,PEREMPUAN,0,ORANG,2017
211,32,JAWA BARAT,3277,KOTA CIMAHI,LAKI-LAKI,1,ORANG,2017
212,32,JAWA BARAT,3277,KOTA CIMAHI,PEREMPUAN,0,ORANG,2017
213,32,JAWA BARAT,3278,KOTA TASIKMALAYA,LAKI-LAKI,0,ORANG,2017
214,32,JAWA BARAT,3278,KOTA TASIKMALAYA,PEREMPUAN,0,ORANG,2017
215,32,JAWA BARAT,3279,KOTA BANJAR,LAKI-LAKI,0,ORANG,2017
216,32,JAWA BARAT,3279,KOTA BANJAR,PEREMPUAN,0,ORANG,2017
217,32,JAWA BARAT,3201,KABUPATEN BOGOR,LAKI-LAKI,5,ORANG,2018
218,32,JAWA BARAT,3201,KABUPATEN BOGOR,PEREMPUAN,3,ORANG,2018
219,32,JAWA BARAT,3202,KABUPATEN SUKABUMI,LAKI-LAKI,1,ORANG,2018
220,32,JAWA BARAT,3202,KABUPATEN SUKABUMI,PEREMPUAN,0,ORANG,2018
221,32,JAWA BARAT,3203,KABUPATEN CIANJUR,LAKI-LAKI,4,ORANG,2018
222,32,JAWA BARAT,3203,KABUPATEN CIANJUR,PEREMPUAN,1,ORANG,2018
223,32,JAWA BARAT,3204,KABUPATEN BANDUNG,LAKI-LAKI,7,ORANG,2018
224,32,JAWA BARAT,3204,KABUPATEN BANDUNG,PEREMPUAN,4,ORANG,2018
225,32,JAWA BARAT,3205,KABUPATEN GARUT,LAKI-LAKI,0,ORANG,2018
226,32,JAWA BARAT,3205,KABUPATEN GARUT,PEREMPUAN,0,ORANG,2018
227,32,JAWA BARAT,3206,KABUPATEN TASIKMALAYA,LAKI-LAKI,1,ORANG,2018
228,32,JAWA BARAT,3206,KABUPATEN TASIKMALAYA,PEREMPUAN,0,ORANG,2018
229,32,JAWA BARAT,3207,KABUPATEN CIAMIS,LAKI-LAKI,0,ORANG,2018
230,32,JAWA BARAT,3207,KABUPATEN CIAMIS,PEREMPUAN,0,ORANG,2018
231,32,JAWA BARAT,3208,KABUPATEN KUNINGAN,LAKI-LAKI,0,ORANG,2018
232,32,JAWA BARAT,3208,KABUPATEN KUNINGAN,PEREMPUAN,1,ORANG,2018
233,32,JAWA BARAT,3209,KABUPATEN CIREBON,LAKI-LAKI,5,ORANG,2018
234,32,JAWA BARAT,3209,KABUPATEN CIREBON,PEREMPUAN,3,ORANG,2018
235,32,JAWA BARAT,3210,KABUPATEN MAJALENGKA,LAKI-LAKI,1,ORANG,2018
236,32,JAWA BARAT,3210,KABUPATEN MAJALENGKA,PEREMPUAN,2,ORANG,2018
237,32,JAWA BARAT,3211,KABUPATEN SUMEDANG,LAKI-LAKI,0,ORANG,2018
238,32,JAWA BARAT,3211,KABUPATEN SUMEDANG,PEREMPUAN,0,ORANG,2018
239,32,JAWA BARAT,3212,KABUPATEN INDRAMAYU,LAKI-LAKI,13,ORANG,2018
240,32,JAWA BARAT,3212,KABUPATEN INDRAMAYU,PEREMPUAN,20,ORANG,2018
241,32,JAWA BARAT,3213,KABUPATEN SUBANG,LAKI-LAKI,0,ORANG,2018
242,32,JAWA BARAT,3213,KABUPATEN SUBANG,PEREMPUAN,1,ORANG,2018
243,32,JAWA BARAT,3214,KABUPATEN PURWAKARTA,LAKI-LAKI,0,ORANG,2018
244,32,JAWA BARAT,3214,KABUPATEN PURWAKARTA,PEREMPUAN,0,ORANG,2018
245,32,JAWA BARAT,3215,KABUPATEN KARAWANG,LAKI-LAKI,0,ORANG,2018
246,32,JAWA BARAT,3215,KABUPATEN KARAWANG,PEREMPUAN,0,ORANG,2018
247,32,JAWA BARAT,3216,KABUPATEN BEKASI,LAKI-LAKI,0,ORANG,2018
248,32,JAWA BARAT,3216,KABUPATEN BEKASI,PEREMPUAN,1,ORANG,2018
249,32,JAWA BARAT,3217,KABUPATEN BANDUNG BARAT,LAKI-LAKI,2,ORANG,2018
250,32,JAWA BARAT,3217,KABUPATEN BANDUNG BARAT,PEREMPUAN,0,ORANG,2018
251,32,JAWA BARAT,3218,KABUPATEN PANGANDARAN,LAKI-LAKI,2,ORANG,2018
252,32,JAWA BARAT,3218,KABUPATEN PANGANDARAN,PEREMPUAN,0,ORANG,2018
253,32,JAWA BARAT,3271,KOTA BOGOR,LAKI-LAKI,3,ORANG,2018
254,32,JAWA BARAT,3271,KOTA BOGOR,PEREMPUAN,2,ORANG,2018
255,32,JAWA BARAT,3272,KOTA SUKABUMI,LAKI-LAKI,0,ORANG,2018
256,32,JAWA BARAT,3272,KOTA SUKABUMI,PEREMPUAN,2,ORANG,2018
257,32,JAWA BARAT,3273,KOTA BANDUNG,LAKI-LAKI,4,ORANG,2018
258,32,JAWA BARAT,3273,KOTA BANDUNG,PEREMPUAN,3,ORANG,2018
259,32,JAWA BARAT,3274,KOTA CIREBON,LAKI-LAKI,0,ORANG,2018
260,32,JAWA BARAT,3274,KOTA CIREBON,PEREMPUAN,1,ORANG,2018
261,32,JAWA BARAT,3275,KOTA BEKASI,LAKI-LAKI,2,ORANG,2018
262,32,JAWA BARAT,3275,KOTA BEKASI,PEREMPUAN,0,ORANG,2018
263,32,JAWA BARAT,3276,KOTA DEPOK,LAKI-LAKI,0,ORANG,2018
264,32,JAWA BARAT,3276,KOTA DEPOK,PEREMPUAN,1,ORANG,2018
265,32,JAWA BARAT,3277,KOTA CIMAHI,LAKI-LAKI,2,ORANG,2018
266,32,JAWA BARAT,3277,KOTA CIMAHI,PEREMPUAN,1,ORANG,2018
267,32,JAWA BARAT,3278,KOTA TASIKMALAYA,LAKI-LAKI,2,ORANG,2018
268,32,JAWA BARAT,3278,KOTA TASIKMALAYA,PEREMPUAN,0,ORANG,2018
269,32,JAWA BARAT,3279,KOTA BANJAR,LAKI-LAKI,1,ORANG,2018
270,32,JAWA BARAT,3279,KOTA BANJAR,PEREMPUAN,2,ORANG,2018
271,32,JAWA BARAT,3201,KABUPATEN BOGOR,LAKI-LAKI,31,ORANG,2019
272,32,JAWA BARAT,3201,KABUPATEN BOGOR,PEREMPUAN,53,ORANG,2019
273,32,JAWA BARAT,3202,KABUPATEN SUKABUMI,LAKI-LAKI,1,ORANG,2019
274,32,JAWA BARAT,3202,KABUPATEN SUKABUMI,PEREMPUAN,3,ORANG,2019
275,32,JAWA BARAT,3203,KABUPATEN CIANJUR,LAKI-LAKI,3,ORANG,2019
276,32,JAWA BARAT,3203,KABUPATEN CIANJUR,PEREMPUAN,3,ORANG,2019
277,32,JAWA BARAT,3204,KABUPATEN BANDUNG,LAKI-LAKI,3,ORANG,2019
278,32,JAWA BARAT,3204,KABUPATEN BANDUNG,PEREMPUAN,7,ORANG,2019
279,32,JAWA BARAT,3205,KABUPATEN GARUT,LAKI-LAKI,0,ORANG,2019
280,32,JAWA BARAT,3205,KABUPATEN GARUT,PEREMPUAN,0,ORANG,2019
281,32,JAWA BARAT,3206,KABUPATEN TASIKMALAYA,LAKI-LAKI,1,ORANG,2019
282,32,JAWA BARAT,3206,KABUPATEN TASIKMALAYA,PEREMPUAN,2,ORANG,2019
283,32,JAWA BARAT,3207,KABUPATEN CIAMIS,LAKI-LAKI,1,ORANG,2019
284,32,JAWA BARAT,3207,KABUPATEN CIAMIS,PEREMPUAN,0,ORANG,2019
285,32,JAWA BARAT,3208,KABUPATEN KUNINGAN,LAKI-LAKI,3,ORANG,2019
286,32,JAWA BARAT,3208,KABUPATEN KUNINGAN,PEREMPUAN,1,ORANG,2019
287,32,JAWA BARAT,3209,KABUPATEN CIREBON,LAKI-LAKI,9,ORANG,2019
288,32,JAWA BARAT,3209,KABUPATEN CIREBON,PEREMPUAN,8,ORANG,2019
289,32,JAWA BARAT,3210,KABUPATEN MAJALENGKA,LAKI-LAKI,2,ORANG,2019
290,32,JAWA BARAT,3210,KABUPATEN MAJALENGKA,PEREMPUAN,0,ORANG,2019
291,32,JAWA BARAT,3211,KABUPATEN SUMEDANG,LAKI-LAKI,0,ORANG,2019
292,32,JAWA BARAT,3211,KABUPATEN SUMEDANG,PEREMPUAN,0,ORANG,2019
293,32,JAWA BARAT,3212,KABUPATEN INDRAMAYU,LAKI-LAKI,1,ORANG,2019
294,32,JAWA BARAT,3212,KABUPATEN INDRAMAYU,PEREMPUAN,0,ORANG,2019
295,32,JAWA BARAT,3213,KABUPATEN SUBANG,LAKI-LAKI,3,ORANG,2019
296,32,JAWA BARAT,3213,KABUPATEN SUBANG,PEREMPUAN,1,ORANG,2019
297,32,JAWA BARAT,3214,KABUPATEN PURWAKARTA,LAKI-LAKI,0,ORANG,2019
298,32,JAWA BARAT,3214,KABUPATEN PURWAKARTA,PEREMPUAN,0,ORANG,2019
299,32,JAWA BARAT,3215,KABUPATEN KARAWANG,LAKI-LAKI,1,ORANG,2019
300,32,JAWA BARAT,3215,KABUPATEN KARAWANG,PEREMPUAN,1,ORANG,2019
301,32,JAWA BARAT,3216,KABUPATEN BEKASI,LAKI-LAKI,1,ORANG,2019
302,32,JAWA BARAT,3216,KABUPATEN BEKASI,PEREMPUAN,4,ORANG,2019
303,32,JAWA BARAT,3217,KABUPATEN BANDUNG BARAT,LAKI-LAKI,1,ORANG,2019
304,32,JAWA BARAT,3217,KABUPATEN BANDUNG BARAT,PEREMPUAN,4,ORANG,2019
305,32,JAWA BARAT,3218,KABUPATEN PANGANDARAN,LAKI-LAKI,0,ORANG,2019
306,32,JAWA BARAT,3218,KABUPATEN PANGANDARAN,PEREMPUAN,0,ORANG,2019
307,32,JAWA BARAT,3271,KOTA BOGOR,LAKI-LAKI,2,ORANG,2019
308,32,JAWA BARAT,3271,KOTA BOGOR,PEREMPUAN,8,ORANG,2019
309,32,JAWA BARAT,3272,KOTA SUKABUMI,LAKI-LAKI,1,ORANG,2019
310,32,JAWA BARAT,3272,KOTA SUKABUMI,PEREMPUAN,1,ORANG,2019
311,32,JAWA BARAT,3273,KOTA BANDUNG,LAKI-LAKI,10,ORANG,2019
312,32,JAWA BARAT,3273,KOTA BANDUNG,PEREMPUAN,4,ORANG,2019
313,32,JAWA BARAT,3274,KOTA CIREBON,LAKI-LAKI,1,ORANG,2019
314,32,JAWA BARAT,3274,KOTA CIREBON,PEREMPUAN,1,ORANG,2019
315,32,JAWA BARAT,3275,KOTA BEKASI,LAKI-LAKI,2,ORANG,2019
316,32,JAWA BARAT,3275,KOTA BEKASI,PEREMPUAN,2,ORANG,2019
317,32,JAWA BARAT,3276,KOTA DEPOK,LAKI-LAKI,0,ORANG,2019
318,32,JAWA BARAT,3276,KOTA DEPOK,PEREMPUAN,0,ORANG,2019
319,32,JAWA BARAT,3277,KOTA CIMAHI,LAKI-LAKI,2,ORANG,2019
320,32,JAWA BARAT,3277,KOTA CIMAHI,PEREMPUAN,0,ORANG,2019
321,32,JAWA BARAT,3278,KOTA TASIKMALAYA,LAKI-LAKI,0,ORANG,2019
322,32,JAWA BARAT,3278,KOTA TASIKMALAYA,PEREMPUAN,6,ORANG,2019
323,32,JAWA BARAT,3279,KOTA BANJAR,LAKI-LAKI,0,ORANG,2019
324,32,JAWA BARAT,3279,KOTA BANJAR,PEREMPUAN,1,ORANG,2019
325,32,JAWA BARAT,3201,KABUPATEN BOGOR,LAKI-LAKI,7,ORANG,2020
326,32,JAWA BARAT,3201,KABUPATEN BOGOR,PEREMPUAN,4,ORANG,2020
327,32,JAWA BARAT,3202,KABUPATEN SUKABUMI,LAKI-LAKI,2,ORANG,2020
328,32,JAWA BARAT,3202,KABUPATEN SUKABUMI,PEREMPUAN,3,ORANG,2020
329,32,JAWA BARAT,3203,KABUPATEN CIANJUR,LAKI-LAKI,7,ORANG,2020
330,32,JAWA BARAT,3203,KABUPATEN CIANJUR,PEREMPUAN,2,ORANG,2020
331,32,JAWA BARAT,3204,KABUPATEN BANDUNG,LAKI-LAKI,15,ORANG,2020
332,32,JAWA BARAT,3204,KABUPATEN BANDUNG,PEREMPUAN,6,ORANG,2020
333,32,JAWA BARAT,3205,KABUPATEN GARUT,LAKI-LAKI,6,ORANG,2020
334,32,JAWA BARAT,3205,KABUPATEN GARUT,PEREMPUAN,1,ORANG,2020
335,32,JAWA BARAT,3206,KABUPATEN TASIKMALAYA,LAKI-LAKI,3,ORANG,2020
336,32,JAWA BARAT,3206,KABUPATEN TASIKMALAYA,PEREMPUAN,0,ORANG,2020
337,32,JAWA BARAT,3207,KABUPATEN CIAMIS,LAKI-LAKI,2,ORANG,2020
338,32,JAWA BARAT,3207,KABUPATEN CIAMIS,PEREMPUAN,4,ORANG,2020
339,32,JAWA BARAT,3208,KABUPATEN KUNINGAN,LAKI-LAKI,1,ORANG,2020
340,32,JAWA BARAT,3208,KABUPATEN KUNINGAN,PEREMPUAN,2,ORANG,2020
341,32,JAWA BARAT,3209,KABUPATEN CIREBON,LAKI-LAKI,6,ORANG,2020
342,32,JAWA BARAT,3209,KABUPATEN CIREBON,PEREMPUAN,9,ORANG,2020
343,32,JAWA BARAT,3210,KABUPATEN MAJALENGKA,LAKI-LAKI,1,ORANG,2020
344,32,JAWA BARAT,3210,KABUPATEN MAJALENGKA,PEREMPUAN,5,ORANG,2020
345,32,JAWA BARAT,3211,KABUPATEN SUMEDANG,LAKI-LAKI,5,ORANG,2020
346,32,JAWA BARAT,3211,KABUPATEN SUMEDANG,PEREMPUAN,2,ORANG,2020
347,32,JAWA BARAT,3212,KABUPATEN INDRAMAYU,LAKI-LAKI,2,ORANG,2020
348,32,JAWA BARAT,3212,KABUPATEN INDRAMAYU,PEREMPUAN,1,ORANG,2020
349,32,JAWA BARAT,3213,KABUPATEN SUBANG,LAKI-LAKI,2,ORANG,2020
350,32,JAWA BARAT,3213,KABUPATEN SUBANG,PEREMPUAN,2,ORANG,2020
351,32,JAWA BARAT,3214,KABUPATEN PURWAKARTA,LAKI-LAKI,0,ORANG,2020
352,32,JAWA BARAT,3214,KABUPATEN PURWAKARTA,PEREMPUAN,0,ORANG,2020
353,32,JAWA BARAT,3215,KABUPATEN KARAWANG,LAKI-LAKI,5,ORANG,2020
354,32,JAWA BARAT,3215,KABUPATEN KARAWANG,PEREMPUAN,8,ORANG,2020
355,32,JAWA BARAT,3216,KABUPATEN BEKASI,LAKI-LAKI,2,ORANG,2020
356,32,JAWA BARAT,3216,KABUPATEN BEKASI,PEREMPUAN,3,ORANG,2020
357,32,JAWA BARAT,3217,KABUPATEN BANDUNG BARAT,LAKI-LAKI,2,ORANG,2020
358,32,JAWA BARAT,3217,KABUPATEN BANDUNG BARAT,PEREMPUAN,1,ORANG,2020
359,32,JAWA BARAT,3218,KABUPATEN PANGANDARAN,LAKI-LAKI,0,ORANG,2020
360,32,JAWA BARAT,3218,KABUPATEN PANGANDARAN,PEREMPUAN,0,ORANG,2020
361,32,JAWA BARAT,3271,KOTA BOGOR,LAKI-LAKI,3,ORANG,2020
362,32,JAWA BARAT,3271,KOTA BOGOR,PEREMPUAN,3,ORANG,2020
363,32,JAWA BARAT,3272,KOTA SUKABUMI,LAKI-LAKI,2,ORANG,2020
364,32,JAWA BARAT,3272,KOTA SUKABUMI,PEREMPUAN,1,ORANG,2020
365,32,JAWA BARAT,3273,KOTA BANDUNG,LAKI-LAKI,10,ORANG,2020
366,32,JAWA BARAT,3273,KOTA BANDUNG,PEREMPUAN,4,ORANG,2020
367,32,JAWA BARAT,3274,KOTA CIREBON,LAKI-LAKI,0,ORANG,2020
368,32,JAWA BARAT,3274,KOTA CIREBON,PEREMPUAN,1,ORANG,2020
369,32,JAWA BARAT,3275,KOTA BEKASI,LAKI-LAKI,1,ORANG,2020
370,32,JAWA BARAT,3275,KOTA BEKASI,PEREMPUAN,0,ORANG,2020
371,32,JAWA BARAT,3276,KOTA DEPOK,LAKI-LAKI,1,ORANG,2020
372,32,JAWA BARAT,3276,KOTA DEPOK,PEREMPUAN,2,ORANG,2020
373,32,JAWA BARAT,3277,KOTA CIMAHI,LAKI-LAKI,1,ORANG,2020
374,32,JAWA BARAT,3277,KOTA CIMAHI,PEREMPUAN,3,ORANG,2020
375,32,JAWA BARAT,3278,KOTA TASIKMALAYA,LAKI-LAKI,8,ORANG,2020
376,32,JAWA BARAT,3278,KOTA TASIKMALAYA,PEREMPUAN,12,ORANG,2020
377,32,JAWA BARAT,3279,KOTA BANJAR,LAKI-LAKI,2,ORANG,2020
378,32,JAWA BARAT,3279,KOTA BANJAR,PEREMPUAN,1,ORANG,2020
379,32,JAWA BARAT,3201,KABUPATEN BOGOR,LAKI-LAKI,10,ORANG,2021
380,32,JAWA BARAT,3201,KABUPATEN BOGOR,PEREMPUAN,12,ORANG,2021
381,32,JAWA BARAT,3202,KABUPATEN SUKABUMI,LAKI-LAKI,0,ORANG,2021
382,32,JAWA BARAT,3202,KABUPATEN SUKABUMI,PEREMPUAN,1,ORANG,2021
383,32,JAWA BARAT,3203,KABUPATEN CIANJUR,LAKI-LAKI,2,ORANG,2021
384,32,JAWA BARAT,3203,KABUPATEN CIANJUR,PEREMPUAN,2,ORANG,2021
385,32,JAWA BARAT,3204,KABUPATEN BANDUNG,LAKI-LAKI,12,ORANG,2021
386,32,JAWA BARAT,3204,KABUPATEN BANDUNG,PEREMPUAN,12,ORANG,2021
387,32,JAWA BARAT,3205,KABUPATEN GARUT,LAKI-LAKI,8,ORANG,2021
388,32,JAWA BARAT,3205,KABUPATEN GARUT,PEREMPUAN,5,ORANG,2021
389,32,JAWA BARAT,3206,KABUPATEN TASIKMALAYA,LAKI-LAKI,0,ORANG,2021
390,32,JAWA BARAT,3206,KABUPATEN TASIKMALAYA,PEREMPUAN,0,ORANG,2021
391,32,JAWA BARAT,3207,KABUPATEN CIAMIS,LAKI-LAKI,1,ORANG,2021
392,32,JAWA BARAT,3207,KABUPATEN CIAMIS,PEREMPUAN,3,ORANG,2021
393,32,JAWA BARAT,3208,KABUPATEN KUNINGAN,LAKI-LAKI,1,ORANG,2021
394,32,JAWA BARAT,3208,KABUPATEN KUNINGAN,PEREMPUAN,3,ORANG,2021
395,32,JAWA BARAT,3209,KABUPATEN CIREBON,LAKI-LAKI,3,ORANG,2021
396,32,JAWA BARAT,3209,KABUPATEN CIREBON,PEREMPUAN,7,ORANG,2021
397,32,JAWA BARAT,3210,KABUPATEN MAJALENGKA,LAKI-LAKI,3,ORANG,2021
398,32,JAWA BARAT,3210,KABUPATEN MAJALENGKA,PEREMPUAN,2,ORANG,2021
399,32,JAWA BARAT,3211,KABUPATEN SUMEDANG,LAKI-LAKI,10,ORANG,2021
400,32,JAWA BARAT,3211,KABUPATEN SUMEDANG,PEREMPUAN,5,ORANG,2021
401,32,JAWA BARAT,3212,KABUPATEN INDRAMAYU,LAKI-LAKI,1,ORANG,2021
402,32,JAWA BARAT,3212,KABUPATEN INDRAMAYU,PEREMPUAN,3,ORANG,2021
403,32,JAWA BARAT,3213,KABUPATEN SUBANG,LAKI-LAKI,2,ORANG,2021
404,32,JAWA BARAT,3213,KABUPATEN SUBANG,PEREMPUAN,5,ORANG,2021
405,32,JAWA BARAT,3214,KABUPATEN PURWAKARTA,LAKI-LAKI,0,ORANG,2021
406,32,JAWA BARAT,3214,KABUPATEN PURWAKARTA,PEREMPUAN,0,ORANG,2021
407,32,JAWA BARAT,3215,KABUPATEN KARAWANG,LAKI-LAKI,4,ORANG,2021
408,32,JAWA BARAT,3215,KABUPATEN KARAWANG,PEREMPUAN,5,ORANG,2021
409,32,JAWA BARAT,3216,KABUPATEN BEKASI,LAKI-LAKI,3,ORANG,2021
410,32,JAWA BARAT,3216,KABUPATEN BEKASI,PEREMPUAN,4,ORANG,2021
411,32,JAWA BARAT,3217,KABUPATEN BANDUNG BARAT,LAKI-LAKI,1,ORANG,2021
412,32,JAWA BARAT,3217,KABUPATEN BANDUNG BARAT,PEREMPUAN,1,ORANG,2021
413,32,JAWA BARAT,3218,KABUPATEN PANGANDARAN,LAKI-LAKI,1,ORANG,2021
414,32,JAWA BARAT,3218,KABUPATEN PANGANDARAN,PEREMPUAN,0,ORANG,2021
415,32,JAWA BARAT,3271,KOTA BOGOR,LAKI-LAKI,3,ORANG,2021
416,32,JAWA BARAT,3271,KOTA BOGOR,PEREMPUAN,4,ORANG,2021
417,32,JAWA BARAT,3272,KOTA SUKABUMI,LAKI-LAKI,2,ORANG,2021
418,32,JAWA BARAT,3272,KOTA SUKABUMI,PEREMPUAN,1,ORANG,2021
419,32,JAWA BARAT,3273,KOTA BANDUNG,LAKI-LAKI,3,ORANG,2021
420,32,JAWA BARAT,3273,KOTA BANDUNG,PEREMPUAN,10,ORANG,2021
421,32,JAWA BARAT,3274,KOTA CIREBON,LAKI-LAKI,0,ORANG,2021
422,32,JAWA BARAT,3274,KOTA CIREBON,PEREMPUAN,0,ORANG,2021
423,32,JAWA BARAT,3275,KOTA BEKASI,LAKI-LAKI,4,ORANG,2021
424,32,JAWA BARAT,3275,KOTA BEKASI,PEREMPUAN,7,ORANG,2021
425,32,JAWA BARAT,3276,KOTA DEPOK,LAKI-LAKI,0,ORANG,2021
426,32,JAWA BARAT,3276,KOTA DEPOK,PEREMPUAN,1,ORANG,2021
427,32,JAWA BARAT,3277,KOTA CIMAHI,LAKI-LAKI,7,ORANG,2021
428,32,JAWA BARAT,3277,KOTA CIMAHI,PEREMPUAN,15,ORANG,2021
429,32,JAWA BARAT,3278,KOTA TASIKMALAYA,LAKI-LAKI,10,ORANG,2021
430,32,JAWA BARAT,3278,KOTA TASIKMALAYA,PEREMPUAN,11,ORANG,2021
431,32,JAWA BARAT,3279,KOTA BANJAR,LAKI-LAKI,1,ORANG,2021
432,32,JAWA BARAT,3279,KOTA BANJAR,PEREMPUAN,1,ORANG,2021
433,32,JAWA BARAT,3201,KABUPATEN BOGOR,LAKI-LAKI,6,ORANG,2022
434,32,JAWA BARAT,3201,KABUPATEN BOGOR,PEREMPUAN,8,ORANG,2022
435,32,JAWA BARAT,3202,KABUPATEN SUKABUMI,LAKI-LAKI,3,ORANG,2022
436,32,JAWA BARAT,3202,KABUPATEN SUKABUMI,PEREMPUAN,4,ORANG,2022
437,32,JAWA BARAT,3203,KABUPATEN CIANJUR,LAKI-LAKI,4,ORANG,2022
438,32,JAWA BARAT,3203,KABUPATEN CIANJUR,PEREMPUAN,4,ORANG,2022
439,32,JAWA BARAT,3204,KABUPATEN BANDUNG,LAKI-LAKI,25,ORANG,2022
440,32,JAWA BARAT,3204,KABUPATEN BANDUNG,PEREMPUAN,23,ORANG,2022
441,32,JAWA BARAT,3205,KABUPATEN GARUT,LAKI-LAKI,5,ORANG,2022
442,32,JAWA BARAT,3205,KABUPATEN GARUT,PEREMPUAN,5,ORANG,2022
443,32,JAWA BARAT,3206,KABUPATEN TASIKMALAYA,LAKI-LAKI,4,ORANG,2022
444,32,JAWA BARAT,3206,KABUPATEN TASIKMALAYA,PEREMPUAN,3,ORANG,2022
445,32,JAWA BARAT,3207,KABUPATEN CIAMIS,LAKI-LAKI,3,ORANG,2022
446,32,JAWA BARAT,3207,KABUPATEN CIAMIS,PEREMPUAN,5,ORANG,2022
447,32,JAWA BARAT,3208,KABUPATEN KUNINGAN,LAKI-LAKI,5,ORANG,2022
448,32,JAWA BARAT,3208,KABUPATEN KUNINGAN,PEREMPUAN,10,ORANG,2022
449,32,JAWA BARAT,3209,KABUPATEN CIREBON,LAKI-LAKI,7,ORANG,2022
450,32,JAWA BARAT,3209,KABUPATEN CIREBON,PEREMPUAN,4,ORANG,2022
451,32,JAWA BARAT,3210,KABUPATEN MAJALENGKA,LAKI-LAKI,3,ORANG,2022
452,32,JAWA BARAT,3210,KABUPATEN MAJALENGKA,PEREMPUAN,2,ORANG,2022
453,32,JAWA BARAT,3211,KABUPATEN SUMEDANG,LAKI-LAKI,4,ORANG,2022
454,32,JAWA BARAT,3211,KABUPATEN SUMEDANG,PEREMPUAN,13,ORANG,2022
455,32,JAWA BARAT,3212,KABUPATEN INDRAMAYU,LAKI-LAKI,3,ORANG,2022
456,32,JAWA BARAT,3212,KABUPATEN INDRAMAYU,PEREMPUAN,2,ORANG,2022
457,32,JAWA BARAT,3213,KABUPATEN SUBANG,LAKI-LAKI,5,ORANG,2022
458,32,JAWA BARAT,3213,KABUPATEN SUBANG,PEREMPUAN,5,ORANG,2022
459,32,JAWA BARAT,3214,KABUPATEN PURWAKARTA,LAKI-LAKI,0,ORANG,2022
460,32,JAWA BARAT,3214,KABUPATEN PURWAKARTA,PEREMPUAN,1,ORANG,2022
461,32,JAWA BARAT,3215,KABUPATEN KARAWANG,LAKI-LAKI,5,ORANG,2022
462,32,JAWA BARAT,3215,KABUPATEN KARAWANG,PEREMPUAN,8,ORANG,2022
463,32,JAWA BARAT,3216,KABUPATEN BEKASI,LAKI-LAKI,0,ORANG,2022
464,32,JAWA BARAT,3216,KABUPATEN BEKASI,PEREMPUAN,2,ORANG,2022
465,32,JAWA BARAT,3217,KABUPATEN BANDUNG BARAT,LAKI-LAKI,5,ORANG,2022
466,32,JAWA BARAT,3217,KABUPATEN BANDUNG BARAT,PEREMPUAN,9,ORANG,2022
467,32,JAWA BARAT,3218,KABUPATEN PANGANDARAN,LAKI-LAKI,0,ORANG,2022
468,32,JAWA BARAT,3218,KABUPATEN PANGANDARAN,PEREMPUAN,0,ORANG,2022
469,32,JAWA BARAT,3271,KOTA BOGOR,LAKI-LAKI,5,ORANG,2022
470,32,JAWA BARAT,3271,KOTA BOGOR,PEREMPUAN,4,ORANG,2022
471,32,JAWA BARAT,3272,KOTA SUKABUMI,LAKI-LAKI,6,ORANG,2022
472,32,JAWA BARAT,3272,KOTA SUKABUMI,PEREMPUAN,7,ORANG,2022
473,32,JAWA BARAT,3273,KOTA BANDUNG,LAKI-LAKI,6,ORANG,2022
474,32,JAWA BARAT,3273,KOTA BANDUNG,PEREMPUAN,4,ORANG,2022
475,32,JAWA BARAT,3274,KOTA CIREBON,LAKI-LAKI,0,ORANG,2022
476,32,JAWA BARAT,3274,KOTA CIREBON,PEREMPUAN,4,ORANG,2022
477,32,JAWA BARAT,3275,KOTA BEKASI,LAKI-LAKI,7,ORANG,2022
478,32,JAWA BARAT,3275,KOTA BEKASI,PEREMPUAN,7,ORANG,2022
479,32,JAWA BARAT,3276,KOTA DEPOK,LAKI-LAKI,8,ORANG,2022
480,32,JAWA BARAT,3276,KOTA DEPOK,PEREMPUAN,6,ORANG,2022
481,32,JAWA BARAT,3277,KOTA CIMAHI,LAKI-LAKI,3,ORANG,2022
482,32,JAWA BARAT,3277,KOTA CIMAHI,PEREMPUAN,11,ORANG,2022
483,32,JAWA BARAT,3278,KOTA TASIKMALAYA,LAKI-LAKI,12,ORANG,2022
484,32,JAWA BARAT,3278,KOTA TASIKMALAYA,PEREMPUAN,17,ORANG,2022
485,32,JAWA BARAT,3279,KOTA BANJAR,LAKI-LAKI,3,ORANG,2022
486,32,JAWA BARAT,3279,KOTA BANJAR,PEREMPUAN,0,ORANG,2022
487,32,JAWA BARAT,3201,KABUPATEN BOGOR,LAKI-LAKI,3,ORANG,2023
488,32,JAWA BARAT,3201,KABUPATEN BOGOR,PEREMPUAN,2,ORANG,2023
489,32,JAWA BARAT,3202,KABUPATEN SUKABUMI,LAKI-LAKI,0,ORANG,2023
490,32,JAWA BARAT,3202,KABUPATEN SUKABUMI,PEREMPUAN,0,ORANG,2023
491,32,JAWA BARAT,3203,KABUPATEN CIANJUR,LAKI-LAKI,2,ORANG,2023
492,32,JAWA BARAT,3203,KABUPATEN CIANJUR,PEREMPUAN,3,ORANG,2023
493,32,JAWA BARAT,3204,KABUPATEN BANDUNG,LAKI-LAKI,12,ORANG,2023
494,32,JAWA BARAT,3204,KABUPATEN BANDUNG,PEREMPUAN,9,ORANG,2023
495,32,JAWA BARAT,3205,KABUPATEN GARUT,LAKI-LAKI,4,ORANG,2023
496,32,JAWA BARAT,3205,KABUPATEN GARUT,PEREMPUAN,2,ORANG,2023
497,32,JAWA BARAT,3206,KABUPATEN TASIKMALAYA,LAKI-LAKI,0,ORANG,2023
498,32,JAWA BARAT,3206,KABUPATEN TASIKMALAYA,PEREMPUAN,0,ORANG,2023
499,32,JAWA BARAT,3207,KABUPATEN CIAMIS,LAKI-LAKI,0,ORANG,2023
500,32,JAWA BARAT,3207,KABUPATEN CIAMIS,PEREMPUAN,2,ORANG,2023
501,32,JAWA BARAT,3208,KABUPATEN KUNINGAN,LAKI-LAKI,1,ORANG,2023
502,32,JAWA BARAT,3208,KABUPATEN KUNINGAN,PEREMPUAN,5,ORANG,2023
503,32,JAWA BARAT,3209,KABUPATEN CIREBON,LAKI-LAKI,2,ORANG,2023
504,32,JAWA BARAT,3209,KABUPATEN CIREBON,PEREMPUAN,3,ORANG,2023
505,32,JAWA BARAT,3210,KABUPATEN MAJALENGKA,LAKI-LAKI,1,ORANG,2023
506,32,JAWA BARAT,3210,KABUPATEN MAJALENGKA,PEREMPUAN,1,ORANG,2023
507,32,JAWA BARAT,3211,KABUPATEN SUMEDANG,LAKI-LAKI,0,ORANG,2023
508,32,JAWA BARAT,3211,KABUPATEN SUMEDANG,PEREMPUAN,1,ORANG,2023
509,32,JAWA BARAT,3212,KABUPATEN INDRAMAYU,LAKI-LAKI,3,ORANG,2023
510,32,JAWA BARAT,3212,KABUPATEN INDRAMAYU,PEREMPUAN,1,ORANG,2023
511,32,JAWA BARAT,3213,KABUPATEN SUBANG,LAKI-LAKI,2,ORANG,2023
512,32,JAWA BARAT,3213,KABUPATEN SUBANG,PEREMPUAN,5,ORANG,2023
513,32,JAWA BARAT,3214,KABUPATEN PURWAKARTA,LAKI-LAKI,1,ORANG,2023
514,32,JAWA BARAT,3214,KABUPATEN PURWAKARTA,PEREMPUAN,3,ORANG,2023
515,32,JAWA BARAT,3215,KABUPATEN KARAWANG,LAKI-LAKI,4,ORANG,2023
516,32,JAWA BARAT,3215,KABUPATEN KARAWANG,PEREMPUAN,7,ORANG,2023
517,32,JAWA BARAT,3216,KABUPATEN BEKASI,LAKI-LAKI,0,ORANG,2023
518,32,JAWA BARAT,3216,KABUPATEN BEKASI,PEREMPUAN,1,ORANG,2023
519,32,JAWA BARAT,3217,KABUPATEN BANDUNG BARAT,LAKI-LAKI,4,ORANG,2023
520,32,JAWA BARAT,3217,KABUPATEN BANDUNG BARAT,PEREMPUAN,2,ORANG,2023
521,32,JAWA BARAT,3218,KABUPATEN PANGANDARAN,LAKI-LAKI,2,ORANG,2023
522,32,JAWA BARAT,3218,KABUPATEN PANGANDARAN,PEREMPUAN,0,ORANG,2023
523,32,JAWA BARAT,3271,KOTA BOGOR,LAKI-LAKI,2,ORANG,2023
524,32,JAWA BARAT,3271,KOTA BOGOR,PEREMPUAN,7,ORANG,2023
525,32,JAWA BARAT,3272,KOTA SUKABUMI,LAKI-LAKI,1,ORANG,2023
526,32,JAWA BARAT,3272,KOTA SUKABUMI,PEREMPUAN,1,ORANG,2023
527,32,JAWA BARAT,3273,KOTA BANDUNG,LAKI-LAKI,4,ORANG,2023
528,32,JAWA BARAT,3273,KOTA BANDUNG,PEREMPUAN,4,ORANG,2023
529,32,JAWA BARAT,3274,KOTA CIREBON,LAKI-LAKI,2,ORANG,2023
530,32,JAWA BARAT,3274,KOTA CIREBON,PEREMPUAN,2,ORANG,2023
531,32,JAWA BARAT,3275,KOTA BEKASI,LAKI-LAKI,2,ORANG,2023
532,32,JAWA BARAT,3275,KOTA BEKASI,PEREMPUAN,4,ORANG,2023
533,32,JAWA BARAT,3276,KOTA DEPOK,LAKI-LAKI,2,ORANG,2023
534,32,JAWA BARAT,3276,KOTA DEPOK,PEREMPUAN,4,ORANG,2023
535,32,JAWA BARAT,3277,KOTA CIMAHI,LAKI-LAKI,1,ORANG,2023
536,32,JAWA BARAT,3277,KOTA CIMAHI,PEREMPUAN,2,ORANG,2023
537,32,JAWA BARAT,3278,KOTA TASIKMALAYA,LAKI-LAKI,3,ORANG,2023
538,32,JAWA BARAT,3278,KOTA TASIKMALAYA,PEREMPUAN,2,ORANG,2023
539,32,JAWA BARAT,3279,KOTA BANJAR,LAKI-LAKI,0,ORANG,2023
540,32,JAWA BARAT,3279,KOTA BANJAR,PEREMPUAN,1,ORANG,2023
541,32,JAWA BARAT,3201,KABUPATEN BOGOR,LAKI-LAKI,7,ORANG,2024
542,32,JAWA BARAT,3201,KABUPATEN BOGOR,PEREMPUAN,16,ORANG,2024
543,32,JAWA BARAT,3202,KABUPATEN SUKABUMI,LAKI-LAKI,2,ORANG,2024
544,32,JAWA BARAT,3202,KABUPATEN SUKABUMI,PEREMPUAN,2,ORANG,2024
545,32,JAWA BARAT,3203,KABUPATEN CIANJUR,LAKI-LAKI,2,ORANG,2024
546,32,JAWA BARAT,3203,KABUPATEN CIANJUR,PEREMPUAN,9,ORANG,2024
547,32,JAWA BARAT,3204,KABUPATEN BANDUNG,LAKI-LAKI,17,ORANG,2024
548,32,JAWA BARAT,3204,KABUPATEN BANDUNG,PEREMPUAN,21,ORANG,2024
549,32,JAWA BARAT,3205,KABUPATEN GARUT,LAKI-LAKI,2,ORANG,2024
550,32,JAWA BARAT,3205,KABUPATEN GARUT,PEREMPUAN,12,ORANG,2024
551,32,JAWA BARAT,3206,KABUPATEN TASIKMALAYA,LAKI-LAKI,3,ORANG,2024
552,32,JAWA BARAT,3206,KABUPATEN TASIKMALAYA,PEREMPUAN,5,ORANG,2024
553,32,JAWA BARAT,3207,KABUPATEN CIAMIS,LAKI-LAKI,4,ORANG,2024
554,32,JAWA BARAT,3207,KABUPATEN CIAMIS,PEREMPUAN,7,ORANG,2024
555,32,JAWA BARAT,3208,KABUPATEN KUNINGAN,LAKI-LAKI,3,ORANG,2024
556,32,JAWA BARAT,3208,KABUPATEN KUNINGAN,PEREMPUAN,2,ORANG,2024
557,32,JAWA BARAT,3209,KABUPATEN CIREBON,LAKI-LAKI,0,ORANG,2024
558,32,JAWA BARAT,3209,KABUPATEN CIREBON,PEREMPUAN,6,ORANG,2024
559,32,JAWA BARAT,3210,KABUPATEN MAJALENGKA,LAKI-LAKI,8,ORANG,2024
560,32,JAWA BARAT,3210,KABUPATEN MAJALENGKA,PEREMPUAN,3,ORANG,2024
561,32,JAWA BARAT,3211,KABUPATEN SUMEDANG,LAKI-LAKI,2,ORANG,2024
562,32,JAWA BARAT,3211,KABUPATEN SUMEDANG,PEREMPUAN,5,ORANG,2024
563,32,JAWA BARAT,3212,KABUPATEN INDRAMAYU,LAKI-LAKI,1,ORANG,2024
564,32,JAWA BARAT,3212,KABUPATEN INDRAMAYU,PEREMPUAN,1,ORANG,2024
565,32,JAWA BARAT,3213,KABUPATEN SUBANG,LAKI-LAKI,13,ORANG,2024
566,32,JAWA BARAT,3213,KABUPATEN SUBANG,PEREMPUAN,12,ORANG,2024
567,32,JAWA BARAT,3214,KABUPATEN PURWAKARTA,LAKI-LAKI,6,ORANG,2024
568,32,JAWA BARAT,3214,KABUPATEN PURWAKARTA,PEREMPUAN,8,ORANG,2024
569,32,JAWA BARAT,3215,KABUPATEN KARAWANG,LAKI-LAKI,9,ORANG,2024
570,32,JAWA BARAT,3215,KABUPATEN KARAWANG,PEREMPUAN,10,ORANG,2024
571,32,JAWA BARAT,3216,KABUPATEN BEKASI,LAKI-LAKI,2,ORANG,2024
572,32,JAWA BARAT,3216,KABUPATEN BEKASI,PEREMPUAN,5,ORANG,2024
573,32,JAWA BARAT,3217,KABUPATEN BANDUNG BARAT,LAKI-LAKI,5,ORANG,2024
574,32,JAWA BARAT,3217,KABUPATEN BANDUNG BARAT,PEREMPUAN,13,ORANG,2024
575,32,JAWA BARAT,3218,KABUPATEN PANGANDARAN,LAKI-LAKI,0,ORANG,2024
576,32,JAWA BARAT,3218,KABUPATEN PANGANDARAN,PEREMPUAN,0,ORANG,2024
577,32,JAWA BARAT,3271,KOTA BOGOR,LAKI-LAKI,8,ORANG,2024
578,32,JAWA BARAT,3271,KOTA BOGOR,PEREMPUAN,8,ORANG,2024
579,32,JAWA BARAT,3272,KOTA SUKABUMI,LAKI-LAKI,2,ORANG,2024
580,32,JAWA BARAT,3272,KOTA SUKABUMI,PEREMPUAN,4,ORANG,2024
581,32,JAWA BARAT,3273,KOTA BANDUNG,LAKI-LAKI,14,ORANG,2024
582,32,JAWA BARAT,3273,KOTA BANDUNG,PEREMPUAN,17,ORANG,2024
583,32,JAWA BARAT,3274,KOTA CIREBON,LAKI-LAKI,1,ORANG,2024
584,32,JAWA BARAT,3274,KOTA CIREBON,PEREMPUAN,1,ORANG,2024
585,32,JAWA BARAT,3275,KOTA BEKASI,LAKI-LAKI,17,ORANG,2024
586,32,JAWA BARAT,3275,KOTA BEKASI,PEREMPUAN,9,ORANG,2024
587,32,JAWA BARAT,3276,KOTA DEPOK,LAKI-LAKI,4,ORANG,2024
588,32,JAWA BARAT,3276,KOTA DEPOK,PEREMPUAN,9,ORANG,2024
589,32,JAWA BARAT,3277,KOTA CIMAHI,LAKI-LAKI,8,ORANG,2024
590,32,JAWA BARAT,3277,KOTA CIMAHI,PEREMPUAN,4,ORANG,2024
591,32,JAWA BARAT,3278,KOTA TASIKMALAYA,LAKI-LAKI,1,ORANG,2024
592,32,JAWA BARAT,3278,KOTA TASIKMALAYA,PEREMPUAN,4,ORANG,2024
593,32,JAWA BARAT,3279,KOTA BANJAR,LAKI-LAKI,3,ORANG,2024
594,32,JAWA BARAT,3279,KOTA BANJAR,PEREMPUAN,2,ORANG,2024
